30,72,41,-0.0086155
30,73,38,-0.011261
30,73,39,-0.0085823
31,58,53,0.33754
31,58,54,0.31975
31,58,55,0.33467
31,58,56,0.33984
31,59,53,0.33754
31,59,54,0.32491
31,59,55,0.3186
31,59,56,0.33123
31,60,53,0.32491
31,60,54,0.34156
31,60,55,0.3341
31,60,56,0.32606
31,70,41,0.0047762
31,70,42,0.0064343
31,70,43,-0.0088376
31,70,44,-0.0112
31,71,39,-0.016768
31,71,40,-0.011078
31,71,41,-0.011689
31,71,42,-0.011608
31,71,43,-0.013797
31,71,44,-0.010374
31,72,39,-0.00024497
31,72,40,-0.0093813
31,72,41,-0.0095482
31,72,42,-0.0071961
31,72,43,-0.011114
31,72,44,-0.0093985
31,72,45,0.0069587
31,73,37,-0.0072183
31,73,38,-0.0012046
31,73,39,0.010661
31,73,40,0.014587
31,73,41,0.026971
31,73,42,0.0095001
31,74,38,-0.010105
31,74,39,0.0051059
31,74,40,0.01228
31,75,36,0.35591
31,75,37,0.37084
31,75,38,0.37141
31,76,36,0.37773
31,76,37,0.36452
31,76,38,0.37428
31,77,36,0.37084
31,77,37,0.35993
31,77,38,0.376
32,57,50,0.36912
32,57,51,0.32836
32,57,52,0.31056
32,57,53,0.31515
32,58,51,0.28071
32,58,53,0.33812
32,58,54,0.33525
32,58,55,0.3209
32,58,56,0.32377
32,59,53,0.33984
32,59,54,0.32549
32,59,55,0.31917
32,59,56,0.31975
32,60,48,0.00042896
32,60,49,0.0012403
32,60,50,0.35189
32,60,53,0.33238
32,60,54,0.32606
32,60,55,0.32721
32,60,56,0.32893
32,61,48,0.37428
32,61,49,0.36854
32,61,50,0.28703
32,62,48,-0.0013044
32,62,49,0.32319
32,62,50,0.20666
32,65,48,0.37543
32,65,49,0.31171
32,65,50,0.31114
32,66,47,0.0052436
32,66,48,-0.014206
32,66,49,0.32664
32,66,50,0.32491
32,66,51,0.3473
32,67,47,-0.0058468
32,67,48,0.3783
32,67,49,0.36223
32,67,50,0.34788
32,67,51,0.34788
32,70,41,-0.010123
32,70,42,-0.0096869
32,70,43,-0.0091786
32,70,44,-0.015912
32,71,39,-0.013518
32,71,40,-0.0046092
32,71,41,-0.0029967
32,71,42,0.0074225
32,71,43,0.016087
32,71,44,-0.0072994
32,72,38,-0.010822
32,72,39,-0.0042976
32,72,40,0.0033994
32,72,41,-0.0074612
32,72,42,-0.00012285
32,72,43,0.011272
32,72,44,0.011148
32,72,45,0.011238
32,73,37,-0.013305
32,73,38,-0.012509
32,73,39,-0.0023884
32,73,40,0.0029281
32,73,41,-0.0070744
32,74,37,0.37486
32,74,38,0.37773
32,74,39,0.34501
32,74,40,0.35304
32,74,41,0.0010684
32,75,29,0.35821
32,75,30,-0.00073792
32,75,31,0.024511
32,75,32,0.0044164
32,75,36,0.37141
32,76,29,0.34271
32,76,30,0.00055679
32,76,31,0.0034504
32,76,34,-0.0085791
32,76,35,0.35993
32,76,36,0.36051
32,77,30,0.004932
32,77,31,0.36165
33,57,50,0.35993
33,57,51,0.36567
33,57,52,0.37256
33,57,53,0.34788
33,58,50,0.0094417
33,58,51,0.014916
33,58,52,0.35075
33,58,53,0.34615
33,59,48,0.3496
33,59,49,0.35763
33,59,50,-0.00038696
33,59,51,0.017147
33,59,52,0.33869
33,59,53,0.33582
33,59,54,0.32893
33,59,55,0.34214
33,59,56,0.3318
33,60,48,0.3318
33,60,49,0.35649
33,60,50,0.34501
33,60,53,0.33008
33,60,54,0.33582
33,60,55,0.33295
33,60,56,0.32377
33,61,48,0.35878
33,61,49,0.33812
33,61,50,0.25431
33,61,53,0.33984
33,61,54,0.34845
33,61,55,0.32836
33,61,56,0.30941
33,62,47,0.0046622
33,62,48,0.0069011
33,62,49,0.35017
33,62,50,0.26062
33,63,47,-0.0015648
33,63,48,0.014193
33,64,47,-0.015906
33,64,48,0.0091029
33,65,48,-0.004534
33,65,49,0.00084792
33,65,50,0.33352
33,66,47,-0.00071572
33,66,48,0.0030881
33,66,49,-0.0039907
33,66,50,0.33582
33,66,51,0.33869
33,67,45,-0.0070101
33,67,46,-0.005278
33,67,47,-0.0083229
33,67,48,0.36739
33,67,49,0.35706
33,67,50,0.35878
33,67,51,0.35362
33,68,45,-0.012665
33,68,46,-0.0027086
33,68,47,0.37256
33,69,45,-0.016242
33,69,46,0.37715
33,69,47,0.35362
33,70,41,-0.0083406
33,70,42,-0.0039454
33,70,43,-0.010934
33,70,44,-0.0062247
33,70,45,-0.012674
33,70,46,0.33927
33,71,39,-0.0031389
33,71,40,0.0041054
33,71,41,-0.010596
33,71,42,-0.013313
33,71,43,0.0023725
33,71,44,0.010683
33,72,37,-0.00088889
33,72,38,-0.0035767
33,72,39,-0.0034957
33,72,40,0.00022599
33,72,41,-0.00026819
33,72,42,0.35649
33,72,43,0.0059055
33,72,44,0.35649
33,72,45,0.35649
33,73,37,0.0065291
33,73,38,0.31343
33,73,39,0.30195
33,73,40,0.36912
33,74,34,0.0014533
33,74,35,0.37141
33,74,36,0.36395
33,74,37,0.3628
33,74,38,0.33697
33,74,39,0.33295
33,74,40,0.35878
33,75,29,0.31171
33,75,30,0.32721
33,75,31,0.36625
33,75,32,-0.0083484
33,75,34,0.0031081
33,75,35,0.0082877
33,75,36,0.3783
33,75,37,0.35821
33,75,38,0.36739
33,76,29,0.32951
33,76,30,0.34673
33,76,31,0.34615
33,76,32,-0.020309
33,76,34,0.0029961
33,76,35,-0.010156
33,76,36,0.00070021
33,76,37,0.36625
33,76,38,0.34501
33,77,29,0.35993
33,77,30,0.35591
33,77,31,0.36625
33,77,32,-0.011417
33,78,29,-0.0023842
33,78,30,0.35591
33,78,31,0.022975
33,78,32,0.018646
34,57,50,-0.0093057
34,57,51,-0.01474
34,57,52,0.32204
34,57,53,0.30654
34,58,50,-0.014248
34,58,51,-0.015776
34,58,52,0.32549
34,58,53,0.32204
34,59,48,0.376
34,59,49,0.3496
34,59,50,-0.015262
34,59,51,0.00072356
34,59,52,0.32434
34,59,53,0.31515
34,59,54,0.30712
34,59,55,0.29334
34,59,56,0.29564
34,60,48,0.36108
34,60,49,0.3031
34,60,50,0.36625
34,60,53,0.32893
34,60,54,0.32377
34,60,55,0.30023
34,60,56,0.3054
34,61,48,-0.0081522
34,61,49,0.36567
34,61,50,0.3163
34,61,53,0.33065
34,61,54,0.33869
34,61,55,0.30999
34,61,56,0.29392
34,62,47,0.0095894
34,62,48,-0.0060459
34,62,49,-0.013257
34,62,50,0.3163
34,63,47,0.010892
34,63,48,6.3874e-05
34,64,47,-0.0056251
34,64,48,0.0052333
34,65,46,0.012649
34,65,47,0.0020024
34,65,48,0.3783
34,65,49,0.33065
34,65,50,0.35534
34,65,51,0.36567
34,65,52,0.34156
34,65,53,0.33927
34,66,46,-0.00082004
34,66,47,-0.0079967
34,66,48,0.35649
34,66,49,0.32721
34,66,50,0.35304
34,66,51,0.35591
34,66,52,0.33295
34,67,45,0.00796
34,67,46,-0.011578
34,67,47,0.33927
34,67,48,0.34501
34,67,49,0.34214
34,67,50,0.32664
34,67,51,0.33352
34,68,45,0.0055885
34,68,46,0.37256
34,69,45,0.37773
34,69,46,0.36223
34,70,41,-0.016856
34,70,42,-0.014048
34,70,43,0.0025619
34,70,44,0.35993
34,70,45,0.33754
34,70,46,0.35304
34,71,39,-0.0026704
34,71,40,0.0086908
34,71,41,0.34615
34,71,42,0.32951
34,71,43,0.35763
34,71,44,0.35706
34,71,45,0.34156
34,72,37,0.01945
34,72,38,0.33984
34,72,39,0.29908
34,72,40,0.29908
34,72,41,0.29966
34,72,42,0.31688
34,72,43,0.34041
34,72,44,0.35476
34,72,45,0.37084
34,73,37,0.34845
34,73,38,0.29966
34,73,39,0.31056
34,73,40,0.3496
34,74,34,0.0029878
34,74,35,-0.00048908
34,74,36,0.00047349
34,74,37,0.0062945
34,74,40,0.36682
34,75,29,0.31056
34,75,32,0.007834
34,75,34,-0.011097
34,75,35,0.0034406
34,75,36,0.016848
34,75,37,0.0039531
34,75,38,0.37026
34,76,29,0.33352
34,76,30,0.36969
34,76,31,0.0048914
34,76,32,0.016321
34,76,34,-0.0032578
34,76,35,0.012033
34,76,36,-0.0066954
34,76,37,-0.01995
34,76,38,-0.013023
34,77,29,0.3054
34,77,30,0.3341
34,77,31,0.0056527
34,77,32,0.030435
34,78,29,0.32606
34,78,30,0.37543
34,78,31,0.0045356
34,78,32,-0.012168
34,79,30,0.37887
34,79,31,-0.0097934
35,57,50,0.0063613
35,57,51,0.31228
35,57,52,0.34845
35,57,53,0.33525
35,58,50,0.012458
35,58,51,0.31573
35,58,52,0.3496
35,58,53,0.34386
35,59,48,0.33697
35,59,49,0.021087
35,59,50,0.36912
35,59,51,0.31458
35,59,52,0.33812
35,59,53,0.33008
35,59,54,0.32204
35,59,55,0.3031
35,59,56,0.29449
35,60,48,0.35419
35,60,49,0.32434
35,60,50,0.34328
35,60,53,0.34558
35,60,54,0.30827
35,60,55,0.28129
35,60,56,0.31114
35,61,48,-0.014387
35,61,49,0.32721
35,61,50,0.32664
35,61,53,0.33467
35,61,54,0.31803
35,61,55,0.30425
35,61,56,0.33525
35,62,46,-0.0042759
35,62,47,-0.011452
35,62,48,-0.012222
35,62,49,0.37084
35,62,50,0.31745
35,63,45,-0.020654
35,63,46,-0.0027119
35,63,47,-0.0031352
35,63,48,0.35993
35,63,50,0.32377
35,63,51,0.34615
35,63,52,0.34099
35,63,53,0.33927
35,64,45,-0.020929
35,64,46,0.00018534
35,64,47,-0.023569
35,64,48,0.34156
35,64,50,0.33869
35,64,51,0.34328
35,64,52,0.32606
35,64,53,0.34041
35,65,43,-0.0078667
35,65,44,0.003772
35,65,45,-0.0090762
35,65,46,-0.0094159
35,65,47,0.013837
35,65,48,0.36338
35,65,49,0.3186
35,65,50,0.33295
35,65,51,0.33869
35,65,52,0.31573
35,65,53,0.33812
35,66,43,-0.0091062
35,66,44,0.0062579
35,66,47,0.35075
35,66,48,0.3163
35,66,49,0.31917
35,66,50,0.35247
35,66,51,0.34328
35,66,52,0.31343
35,67,43,0.00025844
35,67,44,0.018824
35,67,45,0.023348
35,67,46,0.36165
35,67,47,0.30138
35,67,48,0.32893
35,68,43,-0.010649
35,68,44,0.0097637
35,68,45,0.36625
35,68,46,0.32836
35,69,45,0.34328
35,69,46,0.33582
35,69,47,0.34443
35,70,27,0.25775
35,70,28,0.34156
35,70,29,0.32204
35,70,30,0.30195
35,70,41,0.004571
35,70,45,0.32491
35,70,46,0.34328
35,70,47,0.34902
35,71,27,0.29334
35,71,28,0.31573
35,71,29,0.28243
35,71,30,0.31573
35,71,38,-0.014192
35,71,39,-0.007974
35,71,40,0.28301
35,71,41,0.29908
35,71,42,0.32721
35,71,43,0.33065
35,71,44,0.32606
35,71,45,0.32147
35,71,46,0.33639
35,72,27,0.26177
35,72,28,0.2876
35,72,29,0.26808
35,72,30,0.36165
35,72,37,0.013189
35,72,38,0.32377
35,72,39,0.29392
35,72,40,0.30425
35,72,41,0.32434
35,72,42,0.31114
35,72,43,0.31171
35,73,37,0.37658
35,73,38,0.37887
35,73,39,0.37715
35,73,40,0.37141
35,73,41,0.35706
35,73,42,0.3473
35,74,32,-0.0038461
35,74,33,0.014209
35,74,34,0.0022629
35,74,35,0.0097243
35,74,36,0.0071642
35,74,37,0.37371
35,74,38,0.37428
35,74,39,0.35534
35,74,40,0.34443
35,74,41,0.35419
35,75,30,-0.0011938
35,75,31,0.029841
35,75,32,0.035289
35,75,33,0.014023
35,75,34,0.0042872
35,75,35,0.022088
35,75,36,0.017445
35,75,37,-0.0025176
35,75,38,-0.016382
35,75,39,-0.006167
35,76,29,0.30769
35,76,30,0.0053231
35,76,31,0.0136
35,76,32,0.03102
35,76,33,0.0099621
35,76,34,-0.0095507
35,76,35,0.021255
35,76,36,0.0060608
35,76,37,-0.024123
35,76,38,-0.014755
35,77,29,0.31343
35,77,30,-0.004693
35,77,31,-0.011604
35,77,32,0.0086473
35,77,34,-0.0077803
35,78,29,0.31917
35,78,30,-0.0014163
35,78,31,-0.014681
35,78,32,-0.0033025
35,79,30,-0.0037802
35,79,31,-0.015219
36,57,50,0.32377
36,57,51,0.31803
36,57,52,0.30482
36,57,53,0.28358
36,58,50,0.31171
36,58,51,0.32204
36,58,52,0.32204
36,58,53,0.29621
36,59,49,0.37428
36,59,50,0.30597
36,59,51,0.32836
36,59,52,0.32377
36,59,53,0.27612
36,59,54,0.29564
36,59,55,0.3163
36,59,56,0.29966
36,60,48,0.019678
36,60,49,0.32434
36,60,50,0.30999
36,60,53,0.2853
36,60,54,0.29966
36,60,55,0.28875
36,60,56,0.30999
36,61,47,-0.0024846
36,61,48,0.376
36,61,49,0.28875
36,61,50,0.31401
36,61,53,0.29449
36,61,54,0.28473
36,61,55,0.32204
36,61,56,0.36338
36,62,47,-0.0175
36,62,48,0.34558
36,62,49,0.32606
36,62,50,0.32032
36,63,45,-0.0066137
36,63,46,-0.0088407
36,63,47,-0.00084694
36,63,48,0.35189
36,63,50,0.30195
36,63,51,0.33639
36,63,52,0.30999
36,63,53,0.29104
36,64,45,-0.0047885
36,64,46,-0.023762
36,64,47,0.37199
36,64,48,0.3473
36,64,50,0.30597
36,64,51,0.31401
36,64,52,0.2876
36,64,53,0.32951
36,65,43,-0.0014434
36,65,44,0.00049728
36,65,45,-0.00082988
36,65,46,-0.0003968
36,65,47,0.31745
36,65,48,0.3163
36,65,49,0.32606
36,65,50,0.30597
36,65,51,0.30425
36,65,52,0.3031
36,65,53,0.37199
36,66,43,-0.0070872
36,66,44,-0.017242
36,66,45,0.37371
36,66,46,0.36969
36,66,47,0.3186
36,66,48,0.2876
36,66,49,0.30827
36,66,50,0.3209
36,66,51,0.31171
36,66,52,0.31803
36,66,53,0.003415
36,67,43,-0.00044365
36,67,44,-0.011027
36,67,45,0.33984
36,67,46,0.30597
36,67,47,0.31056
36,67,48,0.31056
36,68,43,0.016359
36,68,44,0.36682
36,68,45,0.32491
36,69,45,0.34501
36,69,46,0.35763
36,70,39,0.37658
36,70,40,0.31515
36,70,41,0.35362
36,70,42,0.34673
36,70,43,0.3054
36,70,45,0.35591
36,70,46,0.34902
36,71,27,0.26808
36,71,28,0.28473
36,71,37,0.32606
36,71,38,0.32606
36,71,39,0.31401
36,71,40,0.27268
36,71,41,0.29506
36,71,42,0.33697
36,71,43,0.31917
36,71,44,0.31114
36,71,45,0.34845
36,71,46,0.35419
36,72,27,0.21183
36,72,28,0.23766
36,72,29,0.26349
36,72,30,0.0057624
36,72,37,0.35189
36,72,39,0.34788
36,72,40,0.35878
36,72,41,0.33008
36,72,42,0.31803
36,72,43,0.32721
36,72,45,0.37773
36,72,46,0.36567
36,73,37,0.37313
36,73,38,0.36625
36,73,39,0.35591
36,73,40,0.35132
36,73,41,0.35017
36,73,42,0.34558
36,73,43,0.37543
36,74,32,0.030067
36,74,33,-0.0025737
36,74,34,-0.0053994
36,74,35,0.03109
36,74,36,0.024095
36,74,37,-0.0098122
36,74,38,0.3651
36,74,39,0.36223
36,74,40,0.0012991
36,74,41,-0.0013895
36,75,30,0.01731
36,75,31,0.019727
36,75,32,0.03069
36,75,33,0.021897
36,75,34,0.013046
36,75,35,0.035438
36,75,36,0.0086442
36,75,37,-0.016036
36,75,38,-0.0085923
36,75,39,-0.010475
36,75,40,-0.011221
36,76,29,0.34271
36,76,30,0.020935
36,76,31,-0.0028808
36,76,32,0.0095587
36,76,33,0.033962
36,76,34,0.019645
36,76,35,0.017742
36,76,36,0.0015635
36,76,37,-0.010491
36,76,38,0.0070909
36,76,39,0.010571
36,77,29,0.37084
36,77,30,-0.016074
36,77,31,-0.017159
36,77,32,0.017264
36,77,33,0.035735
36,77,34,0.018709
36,78,29,0.36567
36,78,30,-0.021191
36,78,31,0.0098367
36,78,32,0.033993
37,57,50,0.27727
37,57,51,0.29908
37,57,52,0.28817
37,57,53,0.29162
37,57,54,0.29621
37,57,55,0.27268
37,58,50,0.27669
37,58,51,0.29851
37,58,52,0.30425
37,58,53,0.30425
37,58,54,0.28875
37,58,55,0.29449
37,58,56,0.31171
37,59,49,0.30654
37,59,50,0.30195
37,59,51,0.32377
37,59,52,0.30827
37,59,53,0.28817
37,59,54,0.28301
37,59,55,0.30253
37,59,56,0.30367
37,60,48,0.36223
37,60,49,0.31056
37,60,50,0.31114
37,60,51,0.3163
37,60,52,0.30999
37,60,53,0.28932
37,60,54,0.26808
37,60,55,0.26177
37,60,56,0.31458
37,61,47,-0.01089
37,61,48,0.31917
37,61,49,0.30999
37,61,50,0.29736
37,61,51,0.29047
37,61,52,0.32032
37,61,53,0.30941
37,62,46,0.0040996
37,62,47,0.0031836
37,62,48,0.32319
37,62,49,0.31114
37,62,50,0.29162
37,62,51,0.28645
37,62,52,0.29277
37,62,53,0.29449
37,63,45,-0.006601
37,63,46,-0.013018
37,63,47,0.01397
37,63,48,0.31688
37,63,50,0.28473
37,63,51,0.31343
37,63,52,0.32319
37,63,53,0.34443
37,64,27,0.03961
37,64,28,0.06946
37,64,29,0.066016
37,64,45,0.00066776
37,64,46,-0.028666
37,64,47,0.34386
37,64,48,0.30195
37,64,49,0.29277
37,64,50,0.31228
37,64,51,0.35075
37,64,52,0.31515
37,64,53,0.34328
37,65,27,0.065442
37,65,28,0.085534
37,65,29,0.11194
37,65,45,0.00060846
37,65,46,0.34845
37,65,47,0.3186
37,65,48,0.32721
37,65,49,0.32377
37,65,50,0.32147
37,65,51,0.33754
37,65,52,0.29392
37,65,53,0.34443
37,66,27,0.1659
37,66,28,0.20207
37,66,29,0.30195
37,66,43,-0.028201
37,66,44,-0.033556
37,66,45,-0.0074912
37,66,46,0.32377
37,66,47,0.32664
37,66,48,0.3163
37,66,49,0.3318
37,66,50,0.34902
37,66,51,0.33467
37,66,52,0.30769
37,66,53,-0.0098261
37,67,27,0.24627
37,67,28,0.23134
37,67,29,0.30769
37,67,43,-0.010659
37,67,44,-0.026927
37,67,45,0.33754
37,67,46,0.32893
37,67,47,0.33812
37,67,48,0.35419
37,67,49,-0.0065027
37,67,50,0.37486
37,67,51,0.33984
37,68,27,0.27899
37,68,28,0.17451
37,68,29,0.16188
37,68,43,0.00085796
37,68,44,0.33984
37,68,45,0.30999
37,68,47,0.35075
37,68,48,-0.00015297
37,69,27,0.27956
37,69,28,0.25201
37,69,29,0.23938
37,69,30,0.36625
37,69,41,-0.010076
37,69,42,0.001226
37,69,43,0.3496
37,69,44,0.32893
37,69,45,0.30654
37,70,27,0.24282
37,70,28,0.21642
37,70,29,0.23651
37,70,30,0.34558
37,70,31,0.02176
37,70,39,0.34271
37,70,40,0.2744
37,70,41,0.27382
37,70,42,0.29736
37,70,43,0.30597
37,70,44,0.32664
37,70,45,0.35075
37,70,46,0.0034127
37,71,27,0.3163
37,71,28,0.32951
37,71,29,0.29104
37,71,30,0.35247
37,71,31,0.019964
37,71,32,3.306e-05
37,71,37,0.32262
37,71,38,0.33812
37,71,39,0.32147
37,71,40,0.31401
37,71,41,0.33927
37,71,42,0.34558
37,71,43,0.31688
37,71,44,0.32664
37,71,45,-0.0024889
37,71,46,-0.0036733
37,72,27,0.30999
37,72,28,0.34328
37,72,29,0.35247
37,72,30,0.016416
37,72,31,0.016957
37,72,32,-0.00011999
37,72,37,0.31917
37,72,38,0.33812
37,72,39,0.36797
37,72,40,0.35878
37,72,41,0.34615
37,72,42,0.32606
37,72,43,0.3651
37,72,44,-0.0021559
37,72,45,-0.0045627
37,72,46,-0.0087261
37,73,27,0.33697
37,73,28,0.35763
37,73,29,0.37486
37,73,30,-0.0011219
37,73,31,0.034002
37,73,32,0.018389
37,73,33,-0.012009
37,73,34,-0.0095339
37,73,35,0.0050696
37,73,36,0.0053615
37,73,37,-0.011196
37,73,38,0.34214
37,73,39,0.32893
37,73,40,0.31745
37,73,41,0.33065
37,73,42,0.0012052
37,73,43,0.00085122
37,73,44,-0.003009
37,73,45,0.0070837
37,74,27,0.29449
37,74,28,0.34386
37,74,29,0.0034803
37,74,30,0.0034137
37,74,31,0.049176
37,74,32,0.023086
37,74,33,-0.035502
37,74,34,-0.007034
37,74,35,0.018025
37,74,36,0.0064811
37,74,37,-0.009363
37,74,38,-0.014513
37,74,39,-0.016806
37,74,40,-0.0071997
37,74,41,-0.0079518
37,74,42,-0.019679
37,74,43,-0.00044965
37,74,44,0.0034259
37,75,29,0.017477
37,75,30,0.032467
37,75,31,0.032556
37,75,32,0.024444
37,75,33,0.0054177
37,75,34,0.002622
37,75,35,0.0070829
37,75,36,-0.0034277
37,75,37,-0.006874
37,75,38,0.004234
37,75,39,0.0030944
37,75,40,-0.010071
37,76,29,0.36682
37,76,30,0.010984
37,76,31,0.029211
37,76,32,0.023952
37,76,33,0.024297
37,76,34,0.0054487
37,76,35,-0.0087067
37,76,36,-0.0040773
37,76,37,0.0046015
37,76,38,0.013103
37,76,39,0.011163
37,76,40,0.0014228
37,77,29,0.37428
37,77,30,-0.0050759
37,77,31,-0.015944
37,77,32,0.0082633
37,77,33,0.029906
37,77,34,0.015463
37,77,35,-0.00058438
37,77,36,0.006921
37,77,37,-0.0032596
37,77,38,-0.0060773
37,78,29,0.00074372
37,78,30,-0.0050148
37,78,31,0.0067993
37,78,32,0.020537
37,78,33,-0.00026146
37,78,34,-0.0022066
37,78,35,0.0012004
37,78,36,-0.011916
37,78,37,0.0051669
37,78,38,-0.00071311
37,79,31,0.016909
38,57,50,0.28186
38,57,51,0.27956
38,57,52,0.3186
38,57,53,0.37084
38,57,54,0.30941
38,57,55,0.24971
38,58,50,0.27784
38,58,51,0.28703
38,58,52,0.33467
38,58,53,0.37658
38,58,54,0.30941
38,58,55,0.28243
38,58,56,0.29104
38,59,50,0.3031
38,59,51,0.32204
38,59,52,0.3783
38,59,53,-0.0078141
38,59,54,0.30769
38,59,55,0.31458
38,59,56,0.35362
38,60,48,0.27727
38,60,49,0.29851
38,60,50,0.30482
38,60,51,0.33582
38,60,52,-0.015719
38,60,53,-0.0046818
38,60,54,0.29908
38,60,55,0.29793
38,60,56,0.34558
38,61,47,0.37658
38,61,48,0.29851
38,61,49,0.29449
38,61,50,0.26866
38,61,51,0.33639
38,61,52,-0.012539
38,61,53,0.00090514
38,62,46,-0.036727
38,62,47,0.3496
38,62,48,0.31688
38,62,49,0.30941
38,62,50,0.29162
38,62,51,-0.011997
38,62,52,-0.0043075
38,62,53,0.34845
38,63,45,-0.035195
38,63,46,0.37658
38,63,47,0.31745
38,63,48,0.31114
38,63,49,0.33238
38,63,50,0.34788
38,63,51,-0.015178
38,63,52,-0.0032229
38,63,53,0.34099
38,64,27,0.094145
38,64,28,0.044202
38,64,29,0.1194
38,64,45,-0.014795
38,64,46,0.32893
38,64,47,0.27842
38,64,48,0.29506
38,64,49,0.33525
38,64,50,-0.014141
38,64,51,-0.021815
38,64,52,0.0039991
38,64,53,0.32664
38,65,27,0.18255
38,65,28,0.085534
38,65,29,0.044776
38,65,45,-0.0062768
38,65,46,0.3054
38,65,47,0.29564
38,65,48,0.32262
38,65,49,0.0011755
38,65,50,-0.020255
38,65,51,-0.012824
38,65,52,0.34214
38,65,53,0.33869
38,66,27,0.27727
38,66,45,0.33754
38,66,46,0.30999
38,66,47,0.33238
38,66,48,0.002251
38,66,49,0.0031234
38,66,50,0.0029232
38,66,51,-0.00085183
38,66,52,0.31917
38,66,53,0.35706
38,67,27,0.30712
38,67,28,0.23881
38,67,29,0.19346
38,67,43,-0.016955
38,67,45,0.33467
38,67,46,0.3209
38,67,47,0.31803
38,67,48,-0.034044
38,67,49,0.0013275
38,67,50,0.0089987
38,67,51,0.34271
38,68,27,0.30769
38,68,28,0.17394
38,68,29,0.11653
38,68,43,0.0036399
38,68,44,0.33984
38,68,45,0.31114
38,68,46,0.32606
38,68,47,-0.020389
38,68,48,-0.0088865
38,69,27,0.33008
38,69,28,0.31171
38,69,29,0.27497
38,69,30,0.35821
38,69,41,0.31343
38,69,42,0.35993
38,69,43,0.34443
38,69,44,0.33812
38,69,45,0.32664
38,69,46,-0.01525
38,69,47,-0.0077701
38,70,27,0.34386
38,70,28,0.27842
38,70,29,0.28243
38,70,30,0.35075
38,70,31,-0.0061358
38,70,40,0.29679
38,70,41,0.27555
38,70,42,0.32262
38,70,43,0.35936
38,70,44,0.34271
38,70,45,0.37199
38,70,46,-0.0053501
38,70,47,-0.0063031
38,71,27,0.36395
38,71,28,0.32549
38,71,29,0.29793
38,71,30,0.0089861
38,71,31,0.026965
38,71,32,0.018638
38,71,37,0.35763
38,71,38,0.33984
38,71,39,0.33582
38,71,40,0.34214
38,71,41,0.36452
38,71,42,0.33123
38,71,43,0.32204
38,71,44,0.36854
38,71,45,-0.025964
38,71,46,-0.0078357
38,71,47,-0.0066886
38,72,27,0.34845
38,72,28,0.33754
38,72,29,0.31114
38,72,30,0.016958
38,72,31,0.05088
38,72,32,0.03864
38,72,37,0.36969
38,72,38,0.32664
38,72,39,0.32319
38,72,40,0.3341
38,72,41,0.34902
38,72,42,0.34041
38,72,43,0.0026767
38,72,44,-0.0050264
38,72,45,-0.0081274
38,72,46,-0.0061454
38,73,27,0.29506
38,73,28,0.30195
38,73,29,0.36682
38,73,30,0.01167
38,73,31,0.020573
38,73,32,0.0021334
38,73,33,-0.0091886
38,73,34,-0.011631
38,73,35,0.005042
38,73,36,0.033717
38,73,37,0.018999
38,73,38,0.35591
38,73,39,0.34041
38,73,40,0.33295
38,73,41,0.3318
38,73,42,-0.0063502
38,73,43,0.002483
38,73,44,0.0019101
38,73,45,0.0062725
38,74,27,0.36338
38,74,28,0.35706
38,74,29,0.022879
38,74,30,0.013319
38,74,31,0.012574
38,74,32,-0.00032553
38,74,33,-0.020695
38,74,34,-0.0077966
38,74,35,0.023926
38,74,36,0.035588
38,74,37,0.013208
38,74,38,-0.0021408
38,74,39,0.0064406
38,74,40,0.0071267
38,74,41,-0.0047591
38,74,42,-0.0038128
38,74,43,0.010236
38,75,29,0.014899
38,75,30,0.048295
38,75,31,0.056316
38,75,32,0.016139
38,75,33,-0.0084185
38,75,34,-8.7343e-06
38,75,35,0.0002397
38,75,36,-0.0064674
38,75,37,-0.010825
38,75,38,-0.0024994
38,75,39,0.0076511
38,75,40,-0.0025531
38,76,29,0.37084
38,76,30,0.012298
38,76,31,0.049608
38,76,32,0.021319
38,76,33,-0.0034586
38,76,34,-0.003743
38,76,35,-0.018285
38,76,36,-0.012831
38,76,37,-0.0093249
38,76,38,-0.010859
38,76,39,0.0021057
38,76,40,-0.0033445
38,77,29,0.021623
38,77,30,0.025461
38,77,31,-0.0017293
38,77,32,-0.012435
38,77,33,0.003972
38,77,34,0.0097741
38,77,35,-0.0042426
38,77,36,0.00015358
38,77,37,0.00027852
38,77,38,-0.010947
38,78,29,0.013223
38,78,30,0.0057634
38,78,31,-0.021806
38,78,32,0.0082033
38,78,33,0.020651
38,78,34,0.0091061
38,78,35,0.0045513
38,78,36,0.0013459
38,78,37,-0.0071763
38,78,38,-0.0091018
38,79,31,-0.018346
39,57,54,0.35132
39,57,55,0.35247
39,58,50,0.27669
39,58,51,0.32893
39,58,52,-0.0048473
39,58,53,-0.00024027
39,58,54,0.35878
39,58,55,0.37313
39,58,56,-0.0077775
39,59,50,0.31401
39,59,51,0.34328
39,59,52,-0.01246
39,59,53,0.00092767
39,59,54,0.36797
39,59,55,0.0053698
39,59,56,-0.0072607
39,60,49,0.30253
39,60,50,0.32664
39,60,51,0.36625
39,60,52,-0.0083185
39,60,53,0.010472
39,60,54,0.37543
39,60,55,-0.0071005
39,60,56,0.0095618
39,61,48,0.28932
39,61,49,0.28932
39,61,50,0.31573
39,61,51,0.0090545
39,61,52,-0.011829
39,61,53,-0.013259
39,62,47,0.29047
39,62,48,0.28416
39,62,49,0.31343
39,62,50,0.34501
39,62,51,-0.0033668
39,62,52,-0.0087538
39,62,53,-0.00887
39,63,47,0.31286
39,63,48,0.28186
39,63,49,0.31975
39,63,50,-0.0086847
39,63,51,-0.01491
39,63,52,-0.0045071
39,63,53,0.010193
39,64,47,0.29449
39,64,48,0.29104
39,64,49,0.30884
39,64,50,-0.029867
39,64,51,-0.011703
39,64,52,0.0015916
39,64,53,0.012367
39,65,27,0.22044
39,65,45,0.35304
39,65,46,0.29449
39,65,47,0.28358
39,65,48,0.34902
39,65,49,0.34501
39,65,50,0.37141
39,65,51,0.0045558
39,65,52,0.0029962
39,65,53,0.00032182
39,66,27,0.21871
39,66,45,0.29047
39,66,46,0.31458
39,66,47,0.34386
39,66,48,0.35591
39,66,49,-0.0024715
39,66,50,0.0021377
39,66,51,0.011512
39,66,52,-0.0082982
39,66,53,-0.0009544
39,67,27,0.24282
39,67,28,0.23881
39,67,29,0.25029
39,67,45,0.30367
39,67,46,0.3496
39,67,47,0.36452
39,67,48,0.32606
39,67,49,-0.022467
39,67,50,-0.0048129
39,67,51,0.0018256
39,68,27,0.34902
39,68,28,0.31056
39,68,29,0.2566
39,68,45,0.025947
39,68,46,0.37887
39,68,47,-0.03385
39,68,48,-0.0082868
39,69,27,0.37256
39,69,28,0.36338
39,69,29,0.30597
39,69,30,0.34845
39,69,41,0.2876
39,69,42,0.27268
39,69,43,0.30367
39,69,44,0.009475
39,69,45,0.010808
39,69,46,0.35132
39,69,47,0.37256
39,70,27,0.3209
39,70,28,0.28358
39,70,29,0.29851
39,70,30,0.35362
39,70,41,0.30425
39,70,42,0.29966
39,70,43,0.36739
39,70,44,-0.00058401
39,70,45,0.33812
39,70,46,0.37486
39,70,47,-0.01088
39,71,27,0.37199
39,71,28,0.31056
39,71,29,0.34156
39,71,30,0.029017
39,71,31,0.36625
39,71,32,0.34328
39,71,37,-0.00081294
39,71,38,0.33295
39,71,39,0.3318
39,71,40,0.3341
39,71,41,0.32147
39,71,42,0.30884
39,71,43,0.33238
39,71,44,0.36567
39,71,45,-0.0073529
39,71,46,-0.011505
39,71,47,-0.014351
39,72,27,0.35706
39,72,28,0.33065
39,72,29,0.34328
39,72,30,0.014892
39,72,31,0.01055
39,72,32,0.35534
39,72,37,0.33123
39,72,38,0.35132
39,72,39,0.33008
39,72,40,0.31745
39,72,41,0.33697
39,72,42,0.376
39,72,43,0.36108
39,72,44,0.022139
39,72,45,0.0046698
39,72,46,-0.017819
39,73,27,0.29162
39,73,28,0.29162
39,73,29,0.36682
39,73,30,0.0043105
39,73,31,0.023707
39,73,32,-0.014124
39,73,33,0.36051
39,73,34,0.021955
39,73,35,0.029152
39,73,36,0.044558
39,73,37,0.37371
39,73,38,0.32664
39,73,39,0.376
39,73,40,-0.0020244
39,73,41,0.37543
39,73,42,0.33639
39,73,43,0.024642
39,73,44,0.0021417
39,74,27,0.35189
39,74,28,0.34271
39,74,29,0.014447
39,74,30,0.0064661
39,74,31,0.014546
39,74,32,0.012091
39,74,33,0.010337
39,74,34,0.010786
39,74,35,-0.020003
39,74,36,-0.017765
39,74,37,-0.026315
39,74,38,0.25603
39,74,39,0.35362
39,74,40,0.050767
39,74,41,0.014641
39,75,29,0.36051
39,75,30,0.00025317
39,75,31,0.005366
39,75,32,-0.010366
39,75,33,-0.0034341
39,75,34,0.0035772
39,75,35,-0.035326
39,75,36,-0.079782
39,75,37,-0.063531
39,75,38,-0.020448
39,75,39,0.32549
39,75,40,0.26808
39,76,29,-0.00046647
39,76,30,0.00077188
39,76,31,0.032778
39,76,32,0.0083775
39,76,33,0.0049415
39,76,34,0.039065
39,76,35,0.011007
39,76,36,-0.039727
39,76,37,-0.028128
39,76,38,-0.0064262
39,76,39,-0.020735
39,77,29,0.0018275
39,77,30,0.018499
39,77,31,0.013071
39,77,32,0.0037509
39,77,33,-0.0031032
39,77,34,0.016376
39,77,35,0.03311
39,77,36,0.0062934
39,77,37,0.0037272
39,77,38,0.013049
39,78,31,0.0093741
39,78,32,0.00027456
39,78,33,0.013598
39,78,34,0.0017825
39,78,35,-0.011776
39,78,36,-0.013812
39,78,37,0.017882
39,78,38,0.0077128
39,79,31,0.044378
40,57,53,-0.012889
40,57,54,0.0018944
40,58,50,0.29277
40,58,51,0.23134
40,58,52,0.29162
40,58,53,-0.0053813
40,58,54,0.0046892
40,58,55,-0.0061308
40,58,56,0.0060113
40,59,50,0.30195
40,59,51,0.24512
40,59,52,0.30654
40,59,53,-0.0079206
40,59,54,0.0022269
40,59,55,-0.018279
40,59,56,-0.0058318
40,60,50,0.27153
40,60,51,0.24053
40,60,52,0.33238
40,60,53,-0.011069
40,60,54,0.0071255
40,60,55,0.376
40,60,56,-0.011856
40,61,48,0.27899
40,61,49,0.25947
40,61,50,0.25775
40,61,51,0.28129
40,61,52,-0.017236
40,61,53,-0.005393
40,62,48,0.26234
40,62,49,0.23421
40,62,50,0.31458
40,62,51,0.32778
40,62,52,0.003663
40,62,53,-0.0022939
40,63,47,0.30195
40,63,48,0.26521
40,63,49,0.23307
40,63,50,0.31228
40,63,51,0.33008
40,63,52,-0.0075397
40,63,53,0.0021342
40,64,47,0.28243
40,64,48,0.32147
40,64,49,0.25947
40,64,50,0.2698
40,64,51,-0.030205
40,64,52,-0.016319
40,64,53,-0.0054298
40,65,45,0.34902
40,65,46,0.30367
40,65,47,0.33238
40,65,48,0.3496
40,65,49,0.30712
40,65,50,0.32721
40,65,51,-0.031172
40,65,52,-0.010774
40,65,53,-0.0026894
40,66,45,0.3186
40,66,46,0.34902
40,66,47,0.37084
40,66,48,0.2721
40,66,49,0.33525
40,66,50,-0.0068478
40,66,51,0.00076196
40,67,27,0.24397
40,67,28,0.21986
40,67,29,0.29047
40,67,45,0.34214
40,67,46,0.36108
40,67,47,0.35132
40,67,48,0.31114
40,67,49,-0.017995
40,67,50,-0.009809
40,67,51,0.019611
40,68,27,0.32836
40,68,28,0.25718
40,68,29,0.18197
40,68,45,0.0037566
40,68,46,0.33123
40,68,47,0.32204
40,68,48,-0.0010384
40,69,27,0.29047
40,69,28,0.26119
40,69,29,0.2434
40,69,30,0.34214
40,69,41,0.35591
40,69,42,0.28186
40,69,43,0.32032
40,69,45,0.34156
40,69,46,0.31573
40,69,47,0.3318
40,69,48,-0.024849
40,70,27,0.2876
40,70,28,0.26406
40,70,29,0.24282
40,70,30,0.3628
40,70,41,0.32721
40,70,42,0.30884
40,70,43,0.37486
40,70,45,0.24684
40,70,46,0.37313
40,71,27,0.33295
40,71,28,0.30827
40,71,29,0.2853
40,71,30,0.027455
40,71,31,0.024937
40,71,32,0.36969
40,71,37,0.35476
40,71,38,0.32262
40,71,39,0.31056
40,71,40,0.31688
40,71,41,0.32606
40,71,42,0.35476
40,71,43,0.35936
40,71,44,0.35649
40,71,45,0.35706
40,71,46,0.018637
40,72,27,0.32664
40,72,28,0.34902
40,72,29,0.35075
40,72,30,0.0044289
40,72,31,-0.0096222
40,72,32,0.35419
40,72,37,0.28588
40,72,38,0.37543
40,72,39,0.36223
40,72,40,0.33065
40,72,41,0.34156
40,72,42,0.36912
40,72,43,0.30367
40,72,44,0.29851
40,72,45,0.35132
40,72,46,0.3163
40,73,27,0.33927
40,73,28,0.33467
40,73,29,0.35017
40,73,30,-0.022806
40,73,31,0.017238
40,73,32,-0.018552
40,73,36,0.33295
40,73,37,0.20953
40,73,38,0.32147
40,73,39,0.37543
40,73,40,0.028884
40,73,41,0.37486
40,73,42,0.31171
40,74,27,0.37084
40,74,28,0.36338
40,74,29,0.0071134
40,74,30,-0.012397
40,74,31,0.014839
40,74,32,0.0012802
40,74,33,0.0050059
40,74,34,0.051683
40,74,35,-0.10946
40,74,36,-0.11237
40,74,37,0.26119
40,74,38,0.18772
40,74,39,0.28817
40,74,40,0.34443
40,75,29,0.36625
40,75,30,-0.040228
40,75,31,-0.038431
40,75,32,0.0022793
40,75,33,0.019583
40,75,34,0.35936
40,75,35,0.36108
40,75,36,-0.07846
40,75,37,-0.031742
40,75,38,0.33238
40,75,39,0.30941
40,75,40,0.24971
40,76,29,0.35362
40,76,30,-0.030554
40,76,31,0.038222
40,76,32,0.0035748
40,76,33,-0.013722
40,76,34,0.02015
40,76,35,0.055621
40,76,36,0.02286
40,76,37,0.00035782
40,76,38,-0.021771
40,77,30,-0.011973
40,77,31,0.03368
40,77,32,0.010371
40,77,33,-0.0059757
40,77,34,0.033994
40,77,35,0.035437
40,77,36,0.0092195
40,77,37,0.0046604
40,77,38,0.013869
40,78,31,0.031816
40,78,32,0.027141
40,78,33,-0.0038694
40,78,34,0.019109
40,78,35,0.0089587
40,78,36,0.31917
40,78,37,0.042812
40,78,38,0.018905
41,57,52,0.27555
41,57,53,-0.0084772
41,57,54,0.0010815
41,57,55,0.30425
41,58,50,0.3031
41,58,51,0.25488
41,58,52,0.29162
41,58,53,-0.0067172
41,58,54,-0.010101
41,58,55,0.31228
41,58,56,0.2302
41,59,49,0.29219
41,59,50,0.2698
41,59,51,0.27784
41,59,52,0.36165
41,59,53,-0.0062585
41,59,54,0.0018918
41,59,55,0.29334
41,59,56,0.18542
41,60,49,0.29047
41,60,50,0.2566
41,60,51,0.32778
41,60,52,-0.0054882
41,60,53,-0.016176
41,60,54,0.009548
41,60,55,0.23421
41,60,56,0.16935
41,61,47,0.35878
41,61,48,0.3186
41,61,49,0.2876
41,61,50,0.28301
41,61,51,0.35189
41,61,52,-0.016898
41,61,53,-0.018523
41,62,46,0.3473
41,62,47,0.32319
41,62,48,0.30769
41,62,49,0.28014
41,62,50,0.31745
41,62,51,-0.008741
41,62,52,0.0041728
41,62,53,-0.0064401
41,63,46,0.33008
41,63,47,0.32778
41,63,48,0.29621
41,63,49,0.29219
41,63,50,0.36567
41,63,51,-0.013802
41,63,52,-0.00055658
41,63,53,0.0047833
41,64,47,0.30941
41,64,48,0.32721
41,64,49,0.35419
41,64,50,-0.008639
41,64,51,-0.028732
41,64,52,-0.0080373
41,64,53,0.023278
41,65,28,0.092423
41,65,29,0.15959
41,65,45,0.33238
41,65,46,0.31975
41,65,47,0.33927
41,65,48,0.36797
41,65,49,-0.012015
41,65,50,-0.018386
41,65,51,-0.019967
41,65,52,0.0045942
41,65,53,0.2566
41,66,27,0.21355
41,66,28,0.086682
41,66,29,0.10677
41,66,45,0.33008
41,66,46,0.34156
41,66,47,0.36797
41,66,48,0.36854
41,66,49,-0.014817
41,66,50,-0.0088261
41,66,51,-0.0028615
41,66,52,0.30425
41,66,53,0.1992
41,67,27,0.24168
41,67,28,0.11768
41,67,29,0.12342
41,67,45,0.34902
41,67,46,0.32032
41,67,47,0.36165
41,67,48,0.0062279
41,67,49,-0.00021334
41,67,50,-0.00042671
41,67,51,0.30425
41,68,27,0.25144
41,68,28,0.22503
41,68,29,0.23536
41,68,45,0.33869
41,68,46,0.36452
41,68,47,-0.017345
41,68,48,-0.0064411
41,69,27,0.28416
41,69,28,0.27325
41,69,29,0.27842
41,69,30,0.36739
41,69,41,0.0070304
41,69,42,0.35936
41,69,43,0.34156
41,69,44,0.3163
41,69,45,0.30195
41,69,46,0.00096024
41,69,47,-0.021272
41,69,48,-0.029084
41,70,27,0.3209
41,70,28,0.25603
41,70,29,0.2302
41,70,30,0.36739
41,70,31,0.011704
41,70,41,0.36567
41,70,42,0.36797
41,70,43,0.36395
41,70,44,0.33812
41,70,45,0.34902
41,70,46,-0.011137
41,70,47,-0.00561
41,71,27,0.31515
41,71,28,0.27325
41,71,29,0.25545
41,71,30,0.015779
41,71,31,0.023379
41,71,32,0.023907
41,71,37,0.34214
41,71,38,0.31688
41,71,39,0.31343
41,71,40,0.3341
41,71,41,0.35649
41,71,42,0.37715
41,71,43,-0.0078298
41,71,44,-0.021196
41,71,45,-0.011335
41,71,46,0.0037809
41,71,47,0.31171
41,72,27,0.31228
41,72,28,0.29621
41,72,29,0.30712
41,72,30,0.0058268
41,72,31,-0.0038276
41,72,32,-0.0050177
41,72,37,0.34501
41,72,38,0.34328
41,72,39,0.32032
41,72,40,0.33065
41,72,41,0.33008
41,72,42,0.35936
41,72,43,-0.028788
41,72,44,-0.025467
41,72,45,0.35534
41,72,46,0.24397
41,73,27,0.32549
41,73,28,0.30253
41,73,29,0.32836
41,73,30,-0.011635
41,73,31,-0.0056151
41,73,32,-0.038449
41,73,33,-0.032378
41,73,34,0.01646
41,73,35,-0.0076632
41,73,36,0.37084
41,73,37,0.31458
41,73,38,0.3651
41,73,39,0.34443
41,73,40,0.32377
41,73,41,0.33295
41,73,42,0.36567
41,74,27,0.35936
41,74,28,0.36223
41,74,29,0.019807
41,74,30,0.020183
41,74,31,0.009915
41,74,32,-0.001375
41,74,33,0.013898
41,74,34,0.062324
41,74,35,-0.0024975
41,74,36,-0.0041048
41,74,37,0.3651
41,74,38,0.32377
41,74,39,0.29564
41,74,40,0.2744
41,74,41,0.32836
41,74,42,0.013414
41,75,29,0.35362
41,75,30,0.017623
41,75,31,0.0051643
41,75,32,0.030096
41,75,33,0.04157
41,75,34,0.019299
41,75,35,0.0035284
41,75,36,0.01185
41,75,37,-0.004044
41,75,38,-0.026298
41,75,39,0.35476
41,75,40,0.36854
41,76,29,0.33927
41,76,30,-0.023132
41,76,31,0.020585
41,76,32,0.0088823
41,76,33,-0.017441
41,76,34,-0.0046493
41,76,35,0.013697
41,76,36,0.0054789
41,76,37,0.013075
41,76,38,0.0068783
41,76,39,-0.0097634
41,76,40,-0.0017349
41,77,29,0.013189
41,77,30,-0.027554
41,77,31,0.34443
41,77,32,-0.013279
41,77,33,0.0045686
41,77,34,0.016705
41,77,35,-0.0052767
41,77,36,-0.015391
41,77,37,0.0016439
41,77,38,0.022184
41,78,31,0.37715
41,78,32,0.03133
41,78,33,-0.0051531
41,78,34,-0.0049775
41,78,35,0.0066101
41,78,36,0.00082004
41,78,37,0.0017032
41,78,38,5.1385e-05
41,79,31,0.010714
42,57,50,0.29736
42,57,51,0.36223
42,57,52,-0.0082389
42,57,53,0.010301
42,57,54,-0.004913
42,57,55,0.37887
42,58,50,0.3008
42,58,51,-0.010845
42,58,52,-0.0096826
42,58,53,0.37428
42,58,54,-0.0087311
42,58,55,0.0028194
42,58,56,0.32147
42,59,49,0.29047
42,59,50,0.33008
42,59,51,-0.013248
42,59,52,-0.01681
42,59,53,0.35878
42,59,54,0.00095832
42,59,55,0.011142
42,59,56,0.3341
42,60,49,0.30827
42,60,50,0.35591
42,60,51,0.0021285
42,60,52,0.015469
42,60,53,0.36452
42,60,54,-0.014885
42,60,55,0.01039
42,60,56,0.376
42,61,47,0.31917
42,61,48,0.26693
42,61,49,0.31401
42,61,50,0.37199
42,61,51,-0.010308
42,61,52,0.00044096
42,61,53,-0.012922
42,62,46,0.29047
42,62,47,0.28875
42,62,48,0.28703
42,62,49,0.32664
42,62,50,-0.0069632
42,62,51,-0.011785
42,62,52,-0.014105
42,62,53,0.0021071
42,63,46,0.28875
42,63,47,0.28186
42,63,48,0.2899
42,63,49,0.36854
42,63,50,-0.0054036
42,63,51,0.0094006
42,63,52,-0.011558
42,63,53,0.017733
42,64,27,0.084386
42,64,28,0.056257
42,64,29,0.10563
42,64,45,0.36567
42,64,46,0.30597
42,64,47,0.30138
42,64,48,0.31401
42,64,49,-0.014083
42,64,50,0.0011774
42,64,51,-0.0083939
42,64,52,-0.010738
42,64,53,0.015492
42,65,27,0.049369
42,65,28,0.063146
42,65,29,0.085534
42,65,45,0.32778
42,65,46,0.28932
42,65,47,0.29621
42,65,48,0.36969
42,65,49,1.404e-05
42,65,50,0.0058346
42,65,51,0.0019833
42,65,52,0.0052888
42,65,53,0.26292
42,66,27,0.014925
42,66,28,0.12629
42,66,29,0.18312
42,66,45,0.30941
42,66,46,0.30482
42,66,47,0.35304
42,66,48,-0.010765
42,66,49,0.0067628
42,66,50,-0.0053446
42,66,51,0.0029081
42,66,52,0.35304
42,66,53,0.33065
42,67,27,0.17681
42,67,28,0.14351
42,67,29,0.15499
42,67,45,0.32204
42,67,46,0.36165
42,67,47,-0.0053614
42,67,48,-0.0037217
42,67,49,-0.01671
42,67,50,-0.016669
42,67,51,-0.018715
42,68,27,0.1969
42,68,45,0.35878
42,68,46,-0.021212
42,68,47,-0.012636
42,68,48,0.005575
42,69,27,0.16935
42,69,28,0.1659
42,69,29,0.28817
42,69,30,0.37026
42,69,41,-0.0013454
42,69,42,0.33295
42,69,43,0.30253
42,69,44,0.35763
42,69,45,-0.0098595
42,69,46,0.0032179
42,69,47,0.0028342
42,69,48,-0.003323
42,70,27,0.21814
42,70,28,0.19173
42,70,29,0.27956
42,70,30,0.35132
42,70,31,0.37715
42,70,41,0.33984
42,70,42,0.32893
42,70,43,0.30999
42,70,44,0.35878
42,70,45,-0.0031743
42,70,46,-0.010082
42,70,47,-0.0065255
42,71,27,0.24569
42,71,28,0.2566
42,71,29,0.31286
42,71,30,0.35419
42,71,31,0.36165
42,71,32,0.029486
42,71,37,0.032083
42,71,38,0.37084
42,71,39,0.36452
42,71,40,0.35476
42,71,41,0.33525
42,71,42,0.33008
42,71,43,0.33812
42,71,44,-0.0067671
42,71,45,-0.01003
42,71,46,-0.0089707
42,71,47,0.005583
42,72,27,0.24569
42,72,28,0.24455
42,72,29,0.28243
42,72,30,-0.021485
42,72,31,0.37715
42,72,32,0.023987
42,72,37,0.32778
42,72,38,0.3473
42,72,39,0.3473
42,72,40,0.34328
42,72,41,0.32434
42,72,42,0.34443
42,72,43,-0.0067831
42,72,44,-0.0046628
42,72,45,-0.0012073
42,72,46,0.0037859
42,73,27,0.23708
42,73,28,0.25029
42,73,29,0.3186
42,73,30,-0.0028569
42,73,31,0.019452
42,73,32,-0.0041511
42,73,33,0.005929
42,73,34,0.04966
42,73,35,0.026464
42,73,36,0.021446
42,73,37,0.015799
42,73,38,0.3473
42,73,39,0.31745
42,73,40,0.32664
42,73,41,0.3318
42,73,42,0.37773
42,73,43,-0.01009
42,73,44,-0.0043464
42,73,45,0.0039169
42,74,27,0.21871
42,74,28,0.28243
42,74,29,0.33582
42,74,30,0.0082251
42,74,31,0.024836
42,74,32,0.01913
42,74,33,0.020804
42,74,34,0.047185
42,74,35,0.0071065
42,74,36,3.5917e-05
42,74,37,0.0061069
42,74,38,-0.0046418
42,74,39,0.3651
42,74,40,0.37773
42,74,41,-0.0014596
42,74,42,-0.015411
42,74,43,-0.0023409
42,75,29,0.30769
42,75,30,0.36395
42,75,31,0.005731
42,75,32,0.050042
42,75,33,0.024284
42,75,34,-0.0097203
42,75,35,0.010843
42,75,36,-0.0075348
42,75,37,-0.012301
42,75,38,-0.00024276
42,75,39,0.012257
42,75,40,0.00517
42,76,29,0.28645
42,76,30,0.35878
42,76,31,-0.0078945
42,76,32,0.019078
42,76,33,0.012189
42,76,34,-0.008557
42,76,35,0.0059103
42,76,36,-0.0034051
42,76,37,-0.0064414
42,76,38,0.0049719
42,76,39,0.011643
42,76,40,0.020482
42,77,29,0.31228
42,77,30,0.37658
42,77,31,-0.015866
42,77,32,-0.0034706
42,77,33,0.017019
42,77,34,0.0038573
42,77,35,-0.0065922
42,77,36,0.00049181
42,77,37,0.0036876
42,77,38,0.0008291
42,78,29,0.36854
42,78,30,0.030891
42,78,31,0.019897
42,78,32,0.0058249
42,78,33,0.0027836
42,78,34,-0.00033109
42,78,35,-0.00017787
42,78,36,-0.0060903
42,78,37,-0.010483
42,78,38,-0.0067617
43,57,50,0.26808
43,57,51,0.32147
43,57,52,0.36797
43,57,53,0.31975
43,57,54,0.30827
43,57,55,0.35993
43,58,50,0.27268
43,58,51,0.34558
43,58,52,0.37084
43,58,53,0.31458
43,58,54,0.30367
43,58,55,0.34845
43,58,56,-0.014471
43,59,49,0.29047
43,59,50,0.29392
43,59,51,0.37141
43,59,52,0.35189
43,59,53,0.29736
43,59,54,0.33525
43,59,55,0.36165
43,59,56,-0.025584
43,60,48,0.26808
43,60,49,0.29793
43,60,50,0.32434
43,60,51,-0.0082932
43,60,52,0.35247
43,60,53,0.28473
43,60,54,0.36854
43,60,55,-0.018927
43,60,56,-0.0074087
43,61,47,0.31515
43,61,48,0.27612
43,61,49,0.27612
43,61,50,0.32434
43,62,46,0.30769
43,62,47,0.29392
43,62,48,0.28703
43,62,49,0.31228
43,62,50,0.37371
43,62,51,-0.010965
43,62,52,0.32147
43,62,53,0.33754
43,63,45,0.011754
43,63,46,0.27727
43,63,47,0.25775
43,63,48,0.26234
43,63,50,-0.008727
43,63,51,0.35476
43,63,52,0.34386
43,63,53,0.0013382
43,64,27,0.12342
43,64,28,0.16361
43,64,29,0.22216
43,64,45,0.34386
43,64,46,0.27497
43,64,47,0.30769
43,64,48,0.3163
43,64,50,0.376
43,64,51,0.33352
43,64,52,-0.01151
43,64,53,-0.0064327
43,65,27,0.036739
43,65,28,0.18255
43,65,29,0.24397
43,65,45,0.30367
43,65,46,0.2744
43,65,47,0.30425
43,65,48,0.34328
43,65,49,-0.0033034
43,65,50,-0.0078265
43,65,51,-0.0098271
43,65,52,-0.010432
43,65,53,-0.015488
43,66,27,0.028703
43,66,28,0.17853
43,66,29,0.24455
43,66,43,-0.00062981
43,66,44,0.015625
43,66,45,0.30999
43,66,46,0.30253
43,66,47,0.34845
43,66,48,0.0049462
43,66,49,-0.013286
43,66,50,-0.011699
43,66,51,-0.0028189
43,66,52,-0.0065327
43,66,53,-0.0016548
43,67,27,0.12457
43,67,28,0.15499
43,67,29,0.17509
43,67,43,0.00015252
43,67,44,0.32319
43,67,45,0.31515
43,67,46,0.33295
43,67,47,0.0057571
43,67,48,-0.012516
43,67,49,0.3628
43,67,50,-0.025963
43,67,51,-0.0029372
43,68,43,0.30253
43,68,44,0.26636
43,68,45,0.29736
43,68,46,-0.021583
43,68,47,-0.0085123
43,68,48,-0.0030777
43,69,41,0.010026
43,69,42,0.33123
43,69,43,0.27956
43,69,44,0.29047
43,69,45,0.34443
43,69,46,-0.0032792
43,70,27,0.20264
43,70,28,0.17049
43,70,29,0.26751
43,70,30,0.32836
43,70,31,0.37141
43,70,39,0.22503
43,70,40,0.25086
43,70,41,0.3473
43,70,42,0.3318
43,70,43,0.29564
43,70,44,0.36108
43,70,45,0.0096189
43,70,46,-0.00012293
43,70,47,0.008499
43,71,27,0.20092
43,71,28,0.24053
43,71,29,0.30827
43,71,30,0.33639
43,71,31,0.36223
43,71,37,0.35476
43,71,38,0.32836
43,71,39,0.31114
43,71,40,0.33065
43,71,41,0.3318
43,71,42,0.30195
43,71,43,0.31745
43,71,44,-0.0034234
43,71,45,-0.013264
43,71,46,-0.0042002
43,71,47,-0.021307
43,72,27,0.17738
43,72,28,0.22216
43,72,29,0.28817
43,72,30,0.36912
43,72,31,0.36854
43,72,32,0.011742
43,72,37,0.35017
43,72,38,0.34099
43,72,39,0.35706
43,72,40,0.36682
43,72,41,0.31515
43,72,42,0.29908
43,72,43,-0.010452
43,72,44,0.020863
43,72,45,0.0090465
43,72,46,-0.0060077
43,73,27,0.21125
43,73,28,0.24455
43,73,29,0.29851
43,73,30,0.33582
43,73,31,-0.0013225
43,73,32,-0.015916
43,73,33,-0.017208
43,73,34,0.035603
43,73,35,0.029514
43,73,36,0.0014994
43,73,37,0.35878
43,73,38,0.33812
43,73,39,0.30712
43,73,40,0.30597
43,73,41,0.32032
43,73,42,-0.0014124
43,73,43,-0.0054017
43,73,44,0.013631
43,73,45,0.011492
43,74,27,0.24168
43,74,28,0.25144
43,74,29,0.29793
43,74,30,0.34214
43,74,31,0.022013
43,74,32,-0.0020088
43,74,33,-0.010504
43,74,34,0.020643
43,74,35,-0.013609
43,74,36,-0.021772
43,74,37,-0.010561
43,74,38,-0.0090584
43,74,39,0.35878
43,74,40,0.36912
43,74,41,-0.011261
43,74,42,-0.018498
43,74,43,-0.01212
43,75,30,0.34902
43,75,31,0.020635
43,75,32,0.042972
43,75,33,0.016286
43,75,34,-0.0098324
43,75,35,-0.018038
43,75,36,-0.019556
43,75,37,-0.003795
43,75,38,-0.0042111
43,75,39,-0.0063064
43,75,40,0.0053827
43,76,29,0.29908
43,76,30,0.36739
43,76,31,-0.0090191
43,76,32,0.02594
43,76,33,0.022482
43,76,34,-0.0019344
43,76,35,0.014213
43,76,36,-0.003908
43,76,37,-0.011676
43,76,38,-0.0058397
43,76,39,-0.0041963
43,76,40,0.0095543
43,77,29,0.31056
43,77,30,0.023785
43,77,31,0.017671
43,77,32,0.0089709
43,77,33,0.022407
43,77,34,-0.0049097
43,77,35,-0.0024307
43,77,36,0.020099
43,77,37,-0.0043431
43,77,38,-0.0068854
43,78,29,0.35362
43,78,30,0.030337
43,78,31,0.047661
43,78,32,0.0050155
43,78,33,0.0036653
43,78,34,0.015715
43,78,35,0.0041349
43,78,36,0.0037905
44,57,50,0.28301
44,57,51,0.31228
44,57,52,0.30999
44,57,53,0.2744
44,58,50,0.29047
44,58,51,0.32549
44,58,52,0.33754
44,58,53,0.28645
44,58,54,0.28358
44,58,55,0.3341
44,58,56,0.0021362
44,59,49,0.3008
44,59,50,0.30482
44,59,51,0.30827
44,59,52,0.31343
44,59,53,0.28703
44,59,54,0.30138
44,59,55,-0.0025552
44,59,56,-0.0089202
44,60,48,0.26349
44,60,49,0.30482
44,60,50,0.30769
44,60,52,0.29564
44,60,53,0.2853
44,60,54,0.3318
44,60,55,-0.019179
44,60,56,0.0011328
44,61,47,0.3031
44,61,48,0.2698
44,61,49,0.31114
44,61,50,0.3186
44,62,46,0.013418
44,62,47,0.30425
44,62,48,0.30367
44,62,49,0.32434
44,62,50,0.32319
44,63,45,-0.017519
44,63,46,0.32377
44,63,47,0.29047
44,63,48,0.29162
44,63,50,0.32262
44,63,51,0.30654
44,63,52,0.30712
44,63,53,0.00088224
44,64,27,0.11538
44,64,28,0.23421
44,64,29,0.32951
44,64,45,0.34099
44,64,46,0.29162
44,64,47,0.31114
44,64,48,0.3341
44,64,50,0.31056
44,64,51,0.30827
44,64,52,0.37141
44,64,53,0.0084909
44,65,27,-0.0051665
44,65,28,0.1217
44,65,29,0.30654
44,65,43,-0.0028626
44,65,45,0.32377
44,65,46,0.30654
44,65,47,0.29908
44,65,48,0.33525
44,65,49,-0.014948
44,65,50,0.31458
44,65,51,0.34443
44,65,52,0.0069029
44,65,53,0.012897
44,66,27,0.04822
44,66,28,0.16533
44,66,29,0.28186
44,66,43,-0.0067127
44,66,44,0.012223
44,66,45,0.29104
44,66,46,0.30597
44,66,47,0.34615
44,66,48,0.35247
44,66,49,0.35304
44,66,50,0.31458
44,66,51,0.36051
44,66,52,0.022964
44,66,53,0.036344
44,67,43,-0.013255
44,67,44,0.34271
44,67,45,0.28071
44,67,47,0.37543
44,67,48,0.37773
44,68,43,0.35878
44,68,44,0.30597
44,68,45,0.33697
44,68,48,0.37141
44,69,43,0.34271
44,69,44,0.31401
44,69,45,0.34328
44,69,46,0.0023058
44,69,47,-0.0049607
44,70,27,0.29621
44,70,28,0.24627
44,70,29,0.24053
44,70,30,0.34271
44,70,39,0.3341
44,70,40,0.35649
44,70,41,0.016389
44,70,45,-0.0047245
44,70,46,-0.0080039
44,70,47,0.36051
44,71,27,0.23766
44,71,28,0.20838
44,71,29,0.28071
44,71,30,0.0044651
44,71,37,0.33065
44,71,38,0.28301
44,71,39,0.22331
44,71,40,0.27842
44,71,41,0.35132
44,71,42,0.3163
44,71,43,0.29621
44,71,44,-0.0026423
44,71,45,0.0075058
44,71,46,0.0049646
44,72,27,0.23823
44,72,28,0.19862
44,72,29,0.31114
44,72,30,0.0065971
44,72,37,0.32204
44,72,39,0.31056
44,72,40,0.32491
44,72,41,0.31975
44,72,42,0.30999
44,72,43,0.3628
44,72,44,0.019183
44,72,45,0.0066897
44,72,46,0.37313
44,73,27,0.23708
44,73,28,0.24856
44,73,29,0.31171
44,73,37,0.34156
44,73,38,0.34673
44,73,39,0.32836
44,73,40,0.30597
44,73,41,0.3209
44,73,42,0.37486
44,73,43,0.0092298
44,73,44,0.023783
44,73,45,0.016808
44,74,27,0.22445
44,74,28,0.23364
44,74,29,0.29564
44,74,32,0.017089
44,74,33,0.01913
44,74,34,0.030309
44,74,35,0.0060244
44,74,36,-0.0034148
44,74,37,0.34386
44,74,38,0.34386
44,74,39,0.34099
44,74,40,0.32204
44,74,41,0.35878
44,74,42,0.0029512
44,74,43,-0.0052742
44,74,44,0.34328
44,75,30,-0.009086
44,75,31,-0.017825
44,75,32,0.03439
44,75,33,0.018724
44,75,34,0.0048624
44,75,35,0.0022438
44,75,36,-0.014661
44,75,37,-0.00883
44,75,38,-0.00047226
44,75,39,0.37084
44,75,40,0.36682
44,76,29,0.31745
44,76,30,-0.0025796
44,76,31,-0.010843
44,76,32,0.023296
44,76,33,0.010832
44,76,34,-0.0092864
44,76,35,0.015349
44,76,36,-0.01399
44,76,37,-0.0177
44,76,38,-0.0033371
44,76,40,-0.013245
44,77,29,0.3341
44,77,30,0.0042625
44,77,31,0.018558
44,77,32,0.0014269
44,77,33,0.025145
44,77,34,-0.013182
44,77,35,-0.028534
44,77,36,-0.0021536
44,77,37,-0.017711
44,77,38,-0.0041445
44,78,29,0.36682
44,78,30,0.0083146
44,78,31,0.024948
44,78,32,0.0062495
45,57,50,0.30654
45,57,51,0.29219
45,57,52,0.25775
45,57,53,0.26866
45,58,50,0.3008
45,58,51,0.28243
45,58,52,0.27268
45,58,53,0.26005
45,59,49,0.30253
45,59,50,0.30827
45,59,51,0.26579
45,59,52,0.27842
45,59,53,0.28932
45,59,54,0.32434
45,59,55,-0.0082229
45,59,56,-0.012888
45,60,48,0.32549
45,60,49,0.29966
45,60,50,0.32434
45,60,53,0.33639
45,60,54,0.37658
45,60,55,-0.015694
45,60,56,-0.0054092
45,61,47,0.3496
45,61,48,0.30425
45,61,49,0.30597
45,61,50,0.31171
45,61,53,0.37256
45,61,54,-0.0032014
45,61,55,-0.010672
45,61,56,0.0056115
45,62,46,-0.011571
45,62,47,0.31745
45,62,48,0.31343
45,62,49,0.31056
45,62,50,0.29104
45,63,45,-0.0062859
45,63,46,0.33927
45,63,47,0.30195
45,63,48,0.32778
45,63,50,0.28645
45,63,51,0.27612
45,63,52,0.30712
45,63,53,-0.002049
45,64,46,0.32434
45,64,47,0.29506
45,64,48,0.32778
45,64,50,0.30482
45,64,51,0.31917
45,64,52,0.35419
45,64,53,-0.005018
45,65,43,-0.00020317
45,65,46,0.30941
45,65,47,0.27612
45,65,48,0.31573
45,65,49,0.31515
45,65,50,0.29162
45,65,51,0.34328
45,65,52,0.0018623
45,65,53,-0.00092673
45,66,43,0.013347
45,66,44,0.36969
45,66,45,0.30138
45,66,47,0.29392
45,66,48,0.3031
45,66,49,0.3163
45,66,50,0.28473
45,66,51,0.32778
45,66,52,0.37026
45,66,53,0.35189
45,67,43,-0.00063723
45,67,44,0.35189
45,67,45,0.26866
45,67,47,0.3054
45,67,48,0.29334
45,68,43,-0.0028815
45,68,44,0.33697
45,68,45,0.2899
45,68,46,0.29679
45,69,45,0.33352
45,69,46,0.31975
45,69,47,0.30999
45,70,27,0.24512
45,70,28,0.31745
45,70,29,0.25832
45,70,30,0.31803
45,70,39,-0.00082633
45,70,40,-0.0085608
45,70,41,-0.0034298
45,70,42,0.32491
45,70,43,0.30425
45,70,45,0.34501
45,70,46,0.32262
45,70,47,0.30253
45,71,27,0.24397
45,71,28,0.28301
45,71,29,0.2434
45,71,30,0.3031
45,71,39,0.34558
45,71,40,0.3628
45,71,41,0.33927
45,71,42,0.31228
45,71,43,0.33582
45,71,44,0.35132
45,71,45,0.33525
45,71,46,0.32549
45,72,27,0.28071
45,72,28,0.23708
45,72,29,0.25718
45,72,30,0.35476
45,72,37,0.27497
45,72,38,0.24856
45,72,39,0.27842
45,72,40,0.29851
45,72,41,0.30195
45,72,42,0.31171
45,72,43,0.33123
45,72,45,0.34615
45,72,46,0.34558
45,73,37,0.35591
45,73,38,0.32893
45,73,39,0.32951
45,73,40,0.33352
45,73,41,0.32147
45,73,42,0.3186
45,74,34,0.015423
45,74,35,0.37141
45,74,36,0.35878
45,74,37,0.34156
45,74,38,0.33582
45,74,39,0.33525
45,74,40,0.31401
45,74,41,0.3318
45,75,30,-0.025663
45,75,31,-0.024778
45,75,32,0.0069251
45,75,34,0.011694
45,75,35,-0.0083137
45,75,36,-0.021091
45,75,37,0.36625
45,75,38,0.37084
45,75,39,0.35936
45,75,40,0.32778
45,76,29,0.2876
45,76,30,0.37773
45,76,31,-0.01482
45,76,32,0.0091352
45,76,34,0.0021534
45,76,35,0.01757
45,76,36,-0.0026681
45,76,37,-0.01171
45,76,38,-0.0023424
45,77,29,0.29736
45,77,30,0.017843
45,77,31,0.009053
45,77,32,-0.0027701
45,78,29,0.34845
45,78,30,0.37428
45,78,31,0.36625
45,78,32,-0.0015145
46,57,50,0.30482
46,57,51,0.3186
46,57,52,0.32032
46,57,53,0.29851
46,58,50,0.30712
46,58,51,0.32778
46,58,52,0.3163
46,58,53,0.29047
46,59,48,0.29392
46,59,49,0.28588
46,59,50,0.32147
46,59,51,0.31917
46,59,52,0.31573
46,59,53,0.30482
46,59,54,0.33869
46,59,55,-0.020959
46,59,56,0.36969
46,60,48,0.31573
46,60,49,0.30827
46,60,50,0.33525
46,60,53,0.34443
46,60,54,-0.01226
46,60,55,-0.00077976
46,60,56,0.0095403
46,61,48,0.36739
46,61,49,0.33238
46,61,50,0.32319
46,61,53,0.34558
46,61,54,-0.0064612
46,61,55,-0.0041002
46,61,56,-0.0010258
46,62,45,0.376
46,62,46,-0.019384
46,62,47,0.0015511
46,62,48,0.35763
46,62,49,0.31343
46,62,50,0.31343
46,63,45,0.021119
46,63,46,0.37313
46,63,47,0.34845
46,63,48,0.33065
46,63,51,0.30654
46,63,52,0.29793
46,63,53,0.35189
46,64,45,0.023987
46,64,46,0.35304
46,64,47,0.32204
46,64,48,0.33065
46,64,50,0.32664
46,64,51,0.29506
46,64,52,0.31228
46,64,53,0.36567
46,65,43,-0.0050277
46,65,44,-0.0051796
46,65,45,-0.011283
46,65,46,0.33697
46,65,47,0.33008
46,65,48,0.35017
46,65,49,0.33467
46,65,50,0.3054
46,65,51,0.29564
46,65,52,0.29966
46,65,53,0.31573
46,66,43,0.0031983
46,66,44,-0.0047334
46,66,45,0.34845
46,66,46,0.30482
46,66,47,0.33525
46,66,48,0.35247
46,66,49,0.3209
46,66,50,0.3008
46,66,51,0.31573
46,66,52,0.29162
46,66,53,0.30482
46,67,43,-0.0088649
46,67,44,0.37313
46,67,45,0.34443
46,67,46,0.30999
46,67,47,0.33352
46,67,48,0.33927
46,67,49,0.31688
46,68,45,0.31573
46,68,46,0.32606
46,68,47,0.34673
46,69,45,0.33927
46,69,46,0.35247
46,69,47,0.34386
46,70,27,0.17394
46,70,28,0.25316
46,70,29,0.23708
46,70,30,0.31745
46,70,41,-0.0044458
46,70,45,0.35763
46,70,46,0.33812
46,71,27,0.21814
46,71,28,0.27268
46,71,29,0.25431
46,71,30,0.34099
46,71,39,0.00084702
46,71,40,-0.030572
46,71,41,0.37084
46,71,42,0.35132
46,71,43,0.35304
46,71,44,0.35132
46,71,45,0.35534
46,72,27,0.25258
46,72,28,0.25718
46,72,29,0.2698
46,72,30,0.35132
46,72,37,0.30023
46,72,38,0.30884
46,72,39,0.36625
46,72,40,0.29104
46,72,41,0.28129
46,72,42,0.31573
46,72,43,0.32147
46,72,44,0.35304
46,73,37,0.28358
46,73,38,0.29277
46,73,39,0.29162
46,73,40,0.32147
46,73,41,0.3163
46,73,42,0.30712
46,74,34,0.33812
46,74,35,0.3186
46,74,36,0.33582
46,74,37,0.31975
46,74,38,0.30597
46,74,39,0.29908
46,74,40,0.30884
46,75,29,0.27555
46,75,32,0.36452
46,75,34,0.36051
46,75,35,0.3054
46,75,36,0.33065
46,75,37,0.33467
46,75,38,0.31458
46,76,29,0.29506
46,76,30,0.31803
46,76,31,0.33927
46,76,32,0.0092381
46,76,34,0.0076136
46,76,35,-0.0061975
46,76,36,0.37026
46,76,37,0.35304
46,76,38,0.36625
46,77,29,0.28645
46,77,30,0.33869
46,77,31,0.34099
46,77,32,0.37313
46,78,29,0.31515
46,78,30,0.35763
46,78,31,0.36567
46,78,32,0.36912
46,79,30,0.32721
46,79,31,0.35075
47,57,50,0.31515
47,57,51,0.29047
47,57,52,0.31171
47,57,53,0.32377
47,58,50,0.3163
47,58,51,0.30597
47,58,52,0.30999
47,58,53,0.29392
47,59,48,0.015002
47,59,49,-0.0059117
47,59,50,0.32319
47,59,51,0.3054
47,59,52,0.32721
47,59,53,0.29793
47,59,54,0.33008
47,59,55,-0.014726
47,59,56,-0.0042018
47,60,48,0.29334
47,60,49,0.32032
47,60,50,0.31573
47,60,53,0.32549
47,60,54,0.36625
47,60,55,0.0064884
47,60,56,0.0072287
47,61,49,0.31745
47,61,50,0.31917
47,61,53,0.31458
47,61,54,0.35304
47,61,55,0.005499
47,61,56,-0.0030741
47,62,47,0.023562
47,62,48,0.36338
47,62,49,0.31803
47,62,50,0.34558
47,63,47,0.013558
47,63,48,0.34386
47,64,47,0.34788
47,64,48,0.34328
47,65,47,0.34558
47,65,48,0.34386
47,65,49,0.36108
47,65,50,0.35706
47,66,46,0.37141
47,66,47,0.35706
47,66,48,0.3496
47,66,49,0.35649
47,66,50,0.35936
47,66,51,0.3318
47,67,45,0.0039226
47,67,46,0.34558
47,67,47,0.35534
47,67,48,0.34673
47,67,49,0.33754
47,67,50,0.34041
47,67,51,0.32147
47,68,45,0.37256
47,68,46,0.32836
47,68,47,0.34902
47,69,41,-0.019072
47,69,42,-0.0089066
47,69,43,0.0004943
47,69,45,0.33812
47,69,46,0.35304
47,69,47,0.36854
47,70,41,-0.0085955
47,70,42,-0.011948
47,70,43,-0.0025931
47,70,44,0.34328
47,70,45,0.3473
47,71,39,-0.014992
47,71,40,-0.025891
47,71,41,0.0015039
47,71,42,0.011876
47,71,43,0.34845
47,71,44,0.35706
47,72,37,0.0092275
47,72,38,-0.0017047
47,72,39,-0.0015962
47,72,40,0.376
47,72,41,0.34443
47,72,42,0.34845
47,72,43,0.33869
47,72,44,-0.007747
47,72,45,0.00081376
47,73,37,0.29564
47,73,38,0.34328
47,73,39,0.34788
47,73,40,0.31917
47,74,34,0.33639
47,74,35,0.32434
47,74,36,0.31458
47,74,37,0.3054
47,74,38,0.31401
47,74,39,0.32204
47,74,40,0.33238
47,75,29,0.30023
47,75,32,0.32434
47,75,34,0.32204
47,75,35,0.29277
47,75,36,0.31573
47,75,37,0.31688
47,75,38,0.3031
47,76,29,0.3186
47,76,30,0.33352
47,76,31,0.3163
47,76,32,0.33352
47,76,34,0.33869
47,76,35,0.33352
47,76,36,0.33123
47,76,37,0.32721
47,76,38,0.33123
47,77,29,0.3163
47,77,30,0.30827
47,77,31,0.29449
47,77,32,0.32606
47,77,36,0.3628
47,77,37,0.34328
47,77,38,0.3473
47,78,30,0.33754
47,78,31,0.31286
48,57,50,0.31114
48,57,51,0.31228
48,57,52,0.29679
48,58,53,0.30023
48,58,54,0.32434
48,58,55,0.34099
48,58,56,0.3186
48,59,48,0.0090646
48,59,49,0.35993
48,59,50,0.30195
48,59,53,0.33582
48,59,54,0.33754
48,59,55,0.35304
48,59,56,0.33467
48,60,48,0.35591
48,60,49,-0.0091394
48,60,50,0.35132
48,60,53,0.34271
48,60,54,0.33008
48,60,55,0.35362
48,60,56,0.37026
48,61,48,0.32836
48,61,49,0.34788
48,61,50,0.35763
48,61,53,0.32032
48,61,54,0.32377
48,61,55,0.34099
48,62,48,0.32319
48,62,49,0.33812
48,62,50,0.35304
48,63,48,0.32778
48,64,47,0.35247
48,64,48,0.33295
48,65,48,0.31573
48,65,49,0.33123
48,65,50,0.32377
48,66,47,0.3628
48,66,48,0.33697
48,66,49,0.33639
48,66,50,0.34501
48,66,51,0.34041
48,67,47,0.35534
48,67,48,0.34271
48,67,49,0.34271
48,67,50,0.34845
48,67,51,0.35132
48,68,45,-0.00037202
48,68,46,0.35304
48,69,45,0.35362
48,69,46,0.33697
48,70,41,-0.0020943
48,70,42,-0.019523
48,70,43,-0.0089813
48,70,44,0.34271
48,70,45,0.32606
48,70,46,0.36223
48,71,39,0.010123
48,71,40,-0.0031722
48,71,41,-0.005056
48,71,42,-0.0056128
48,71,43,0.36739
48,71,44,0.3318
48,71,45,0.34615
48,72,38,-0.0022847
48,72,39,-0.0036272
48,72,40,-0.0063409
48,72,41,-0.00982
48,72,42,0.36338
48,72,43,0.33238
48,72,44,0.33525
48,72,45,0.35247
48,73,37,-0.016761
48,73,38,-0.0039742
48,73,39,0.0047342
48,73,40,0.3473
48,73,41,0.32951
48,74,34,0.35132
48,74,35,0.32262
48,74,36,0.28416
48,74,37,0.30884
48,74,38,0.32262
48,74,39,0.33238
48,74,40,0.34386
48,75,29,0.32204
48,75,30,0.35936
48,75,31,0.32951
48,75,32,0.32549
48,75,34,0.33869
48,75,35,0.30827
48,75,36,0.30712
48,75,37,0.32377
48,75,38,0.32204
48,76,29,0.33238
48,76,30,0.035512
48,76,31,0.34328
48,76,34,0.32549
48,76,35,0.30827
48,76,36,0.3318
48,76,37,0.33065
48,76,38,0.32549
48,77,30,0.015014
48,77,31,0.36912
48,77,36,0.32262
48,77,37,0.32262
48,77,38,0.32664
49,58,53,0.31515
49,58,54,0.32606
49,58,55,0.32262
49,58,56,0.31975
49,59,53,0.32721
49,59,54,0.33525
49,59,55,0.32032
49,59,56,0.30597
49,60,53,0.33123
49,60,54,0.32032
49,60,55,0.30712
49,60,56,0.31343
49,70,41,0.012088
49,70,42,0.0013301
49,70,43,-0.0030389
49,70,44,0.35649
49,70,45,0.35419
49,71,41,0.0091846
49,71,42,-0.004294
49,71,43,0.35591
49,71,44,0.37658
49,71,45,0.3651
49,72,39,0.0072099
49,72,40,0.0097848
49,72,41,-0.0082153
49,72,42,0.35362
49,72,43,0.34041
49,72,44,0.37141
49,72,45,0.36165
49,73,37,0.018713
49,73,38,-0.0049748
49,73,39,-0.0030011
49,73,40,0.020339
49,73,41,0.0035383
49,74,38,0.33812
49,74,39,0.33352
49,74,40,0.34845
49,75,36,0.31458
49,75,37,0.31515
49,75,38,0.33008
49,76,36,0.3341
49,76,37,0.32319
49,76,38,0.32491
49,77,36,0.32664
49,77,37,0.31745
49,77,38,0.33008
50,58,53,0.3163
50,58,54,0.3209
50,58,55,0.31917
50,59,53,0.32951
50,59,54,0.33008
50,59,55,0.30769
50,60,53,0.32262
50,60,54,0.3209
50,60,55,0.31343
50,72,39,0.34673
50,72,40,0.34673
50,72,41,0.32664
50,72,43,0.33639
50,73,38,0.33812
50,73,39,0.3496
50,73,40,0.35649
50,73,41,0.32951
50,74,38,0.37084
50,74,39,0.36051
50,74,40,0.3473
